street,city,price
3526 HIGH ST,SACRAMENTO,59222
51 OMAHA CT,SACRAMENTO,68212
2796 BRANCH ST,SACRAMENTO,68880
2805 JANETTE WAY,SACRAMENTO,69307
6001 MCMAHON DR,SACRAMENTO,81900
5828 PEPPERMILL CT,SACRAMENTO,89921
6048 OGDEN NASH WAY,SACRAMENTO,90895
2561 19TH AVE,SACRAMENTO,91002
11150 TRINITY RIVER DR Unit 114,RANCHO CORDOVA,94905
7325 10TH ST,RIO LINDA,98937
645 MORRISON AVE,SACRAMENTO,100309
4085 FAWN CIR,SACRAMENTO,106250
2930 LA ROSA RD,SACRAMENTO,106852
2113 KIRK WAY,SACRAMENTO,107502
4533 LOCH HAVEN WAY,SACRAMENTO,108750
7340 HAMDEN PL,SACRAMENTO,110700
6715 6TH ST,RIO LINDA,113263
6236 LONGFORD DR Unit 1,CITRUS HEIGHTS,116250
250 PERALTA AVE,SACRAMENTO,120000
113 LEEWILL AVE,RIO LINDA,121630
6118 STONEHAND AVE,CITRUS HEIGHTS,122000
4882 BANDALIN WAY,SACRAMENTO,122682
7511 OAKVALE CT,NORTH HIGHLANDS,123000
9 PASTURE CT,SACRAMENTO,124100
3729 BAINBRIDGE DR,NORTH HIGHLANDS,125000
3828 BLACKFOOT WAY,ANTELOPE,126640
4108 NORTON WAY,SACRAMENTO,127281
1469 JANRICK AVE,SACRAMENTO,129000
9861 CULP WAY,SACRAMENTO,131200
7825 CREEK VALLEY CIR,SACRAMENTO,132000
5201 LAGUNA OAKS DR Unit 140,ELK GROVE,133000
6768 MEDORA DR,NORTH HIGHLANDS,134555
3100 EXPLORER DR,SACRAMENTO,136500
7944 DOMINION WAY,ELVERTA,138750
5201 LAGUNA OAKS DR Unit 162,ELK GROVE,141000
3920 SHINING STAR DR,SACRAMENTO,146250
5031 CORVAIR ST,NORTH HIGHLANDS,147308
7661 NIXOS WAY,SACRAMENTO,148750
7044 CARTHY WAY,SACRAMENTO,149593
2442 LARKSPUR LN,SACRAMENTO,150000
4800 WESTLAKE PKWY Unit 2109,SACRAMENTO,152000
2178 63RD AVE,SACRAMENTO,154000
8718 ELK WAY,ELK GROVE,156896
5708 RIDGEPOINT DR,ANTELOPE,161250
7315 KOALA CT,NORTH HIGHLANDS,161500
2622 ERIN DR,SACRAMENTO,164000
8421 SUNBLAZE WAY,SACRAMENTO,165000
7420 ALIX PKWY,SACRAMENTO,166357
3820 NATOMA WAY,SACRAMENTO,166357
4431 GREEN TREE DR,SACRAMENTO,168000
9417 SARA ST,ELK GROVE,170000
8299 HALBRITE WAY,SACRAMENTO,173000
7223 KALLIE KAY LN,SACRAMENTO,174250
8156 STEINBECK WAY,SACRAMENTO,174313
7957 VALLEY GREEN DR,SACRAMENTO,178480
1122 WILD POPPY CT,GALT,178760
4520 BOMARK WAY,SACRAMENTO,179580
9012 KIEFER BLVD,SACRAMENTO,181000
5332 SANDSTONE ST,CARMICHAEL,181872
5993 SAWYER CIR,SACRAMENTO,182587
4844 CLYDEBANK WAY,ANTELOPE,182716
306 CAMELLIA WAY,GALT,182750
9021 MADISON AVE,ORANGEVALE,183200
404 6TH ST,GALT,188741
8317 SUNNY CREEK WAY,SACRAMENTO,189000
2617 BASS CT,SACRAMENTO,192067
7005 TIANT WAY,ELK GROVE,194000
7895 CABER WAY,ANTELOPE,194818
7624 BOGEY CT,SACRAMENTO,195000
6930 HAMPTON COVE WAY,SACRAMENTO,198000
8708 MESA BROOK WAY,ELK GROVE,199500
120 GRANT LN,FOLSOM,200000
5907 ELLERSLEE DR,CARMICHAEL,200000
17 SERASPI CT,SACRAMENTO,206000
170 PENHOW CIR,SACRAMENTO,208000
8345 STAR THISTLE WAY,SACRAMENTO,212864
9080 FRESCA WAY,ELK GROVE,221000
391 NATALINO CIR,SACRAMENTO,221000
8373 BLACKMAN WAY,ELK GROVE,223058
9837 CORTE DORADO CT,ELK GROVE,227887
5037 J PKWY,SACRAMENTO,231477
10245 LOS PALOS DR,RANCHO CORDOVA,234697
6613 NAVION DR,CITRUS HEIGHTS,235000
2887 AZEVEDO DR,SACRAMENTO,236000
9186 KINBRACE CT,SACRAMENTO,236685
4243 MIDDLEBURY WAY,MATHER,237800
1028 FALLON PLACE CT,RIO LINDA,240122
4804 NORIKER DR,ELK GROVE,242638
7713 HARVEST WOODS DR,SACRAMENTO,244000
2866 KARITSA AVE,SACRAMENTO,244500
6913 RICHEVE WAY,SACRAMENTO,244960
8636 TEGEA WAY,ELK GROVE,245918
5448 MAIDSTONE WAY,CITRUS HEIGHTS,250000
18 OLLIE CT,ELK GROVE,250000
4010 ALEX LN,CARMICHAEL,250134
4901 MILLNER WAY,ELK GROVE,254200
4818 BRITTNEY LEE CT,SACRAMENTO,254200
5529 LAGUNA PARK DR,ELK GROVE,258000
230 CANDELA CIR,SACRAMENTO,260000
4900 71ST ST,SACRAMENTO,260014
12209 CONSERVANCY WAY,RANCHO CORDOVA,263500
4236 NATOMAS CENTRAL DR,SACRAMENTO,265000
5615 LUPIN LN,POLLOCK PINES,265000
5625 JAMES WAY,SACRAMENTO,271742
7842 LAHONTAN CT,SACRAMENTO,273750
6850 21ST ST,SACRAMENTO,275086
2900 BLAIR RD,POLLOCK PINES,280908
2064 EXPEDITION WAY,SACRAMENTO,280987
2912 NORCADE CIR,SACRAMENTO,282400
9507 SEA CLIFF WAY,ELK GROVE,285000
8882 AUTUMN GOLD CT,ELK GROVE,287417
5322 WHITE LOTUS WAY,ELK GROVE,291000
1838 CASTRO WAY,SACRAMENTO,292024
10158 CRAWFORD WAY,SACRAMENTO,297000
7731 MASTERS ST,ELK GROVE,297000
4925 PERCHERON DR,ELK GROVE,298000
2010 PROMONTORY POINT LN,GOLD RIVER,299000
4727 SAVOIE WAY,SACRAMENTO,304037
8664 MAGNOLIA HILL WAY,ELK GROVE,311000
9570 HARVEST ROSE WAY,SACRAMENTO,315537
4359 CREGAN CT,RANCHO CORDOVA,320000
5337 DUSTY ROSE WAY,RANCHO CORDOVA,320000
8929 SUTTERS GOLD DR,SACRAMENTO,328360
8025 PEERLESS AVE,ORANGEVALE,334150
4620 WELERA WAY,ELK GROVE,335750
9723 TERRAPIN CT,ELK GROVE,335750
2115 SMOKESTACK WAY,SACRAMENTO,339500
100 REBECCA WAY,FOLSOM,344250
9488 OAK VILLAGE WAY,ELK GROVE,346210
8495 DARTFORD DR,SACRAMENTO,347029
6708 PONTA DO SOL WAY,ELK GROVE,347650
4143 SEA MEADOW WAY,SACRAMENTO,351300
3020 RICHARDSON CIR,EL DORADO HILLS,352000
8082 LINDA ISLE LN,SACRAMENTO,370000
15300 MURIETA SOUTH PKWY,RANCHO MURIETA,370500
11215 SHARRMONT CT,WILTON,372000
7105 DANBERG WAY,ELK GROVE,375000
5579 JERRY LITELL WAY,SACRAMENTO,381300
1050 FOXHALL WAY,SACRAMENTO,381942
7837 ABBINGTON WAY,ANTELOPE,387731
1300 F ST,SACRAMENTO,391000
6801 RAWLEY WAY,ELK GROVE,394470
1693 SHELTER COVE DR,GREENWOOD,395000
9361 WADDELL LN,ELK GROVE,400186
10 SEA FOAM CT,SACRAMENTO,415000
6945 RIO TEJO WAY,ELK GROVE,425000
4186 TULIP PARK WAY,RANCHO CORDOVA,430000
9278 DAIRY CT,ELK GROVE,445000
207 ORANGE BLOSSOM CIR Unit C,FOLSOM,460000
6507 RIO DE ONAR WAY,ELK GROVE,461000
7004 RAWLEY WAY,ELK GROVE,489332
6503 RIO DE ONAR WAY,ELK GROVE,510000
2217 APPALOOSA CT,FOLSOM,539000
868 HILDEBRAND CIR,FOLSOM,585000
6030 PALERMO WAY,EL DORADO HILLS,600000
4070 REDONDO DR,EL DORADO HILLS,606238
4004 CRESTA WAY,SACRAMENTO,660000
315 JUMEL CT,EL DORADO HILLS,830000
6272 LONGFORD DR Unit 1,CITRUS HEIGHTS,69000
3432 Y ST,SACRAMENTO,70000
9512 EMERALD PARK DR Unit 3,ELK GROVE,71000
3132 CLAY ST,SACRAMENTO,78000
5221 38TH AVE,SACRAMENTO,78400
6112 HERMOSA ST,SACRAMENTO,80000
483 ARCADE BLVD,SACRAMENTO,89000
671 SONOMA AVE,SACRAMENTO,90000
5980 79TH ST,SACRAMENTO,90000
7607 ELDER CREEK RD,SACRAMENTO,92000
5028 14TH AVE,SACRAMENTO,93675
14788 NATCHEZ CT,RANCHO MURIETA,97750
1069 ACACIA AVE,SACRAMENTO,98000
5201 LAGUNA OAKS DR Unit 199,ELK GROVE,98000
3847 LAS PASAS WAY,SACRAMENTO,99000
5201 LAGUNA OAKS DR Unit 172,ELK GROVE,100000
1121 CREEKSIDE WAY,GALT,106716
5307 CABRILLO WAY,SACRAMENTO,111000
3725 DON JULIO BLVD,NORTH HIGHLANDS,111000
4803 MCCLOUD DR,SACRAMENTO,114800
10542 SILVERWOOD WAY,RANCHO CORDOVA,120108
6318 39TH AVE,SACRAMENTO,123225
211 MCDANIEL CIR,SACRAMENTO,123750
3800 LYNHURST WAY,NORTH HIGHLANDS,125000
6139 HERMOSA ST,SACRAMENTO,125000
2505 RHINE WAY,ELVERTA,126000
3692 PAYNE WAY,NORTH HIGHLANDS,129000
604 MORRISON AVE,SACRAMENTO,134000
648 SANTA ANA AVE,SACRAMENTO,135000
14 ASHLEY OAKS CT,SACRAMENTO,135500
3174 NORTHVIEW DR,SACRAMENTO,140000
840 TRANQUIL LN,GALT,140000
5333 PRIMROSE DR Unit 19A,FAIR OAKS,142500
1035 MILLET WAY,SACRAMENTO,143500
5201 LAGUNA OAKS DR Unit 126,ELK GROVE,145000
3328 22ND AVE,SACRAMENTO,145000
8001 HARTWICK WAY,SACRAMENTO,145000
7812 HARTWICK WAY,SACRAMENTO,145000
4207 PAINTER WAY,NORTH HIGHLANDS,146000
7458 WINKLEY WAY,SACRAMENTO,148500
8354 SUNRISE WOODS WAY,SACRAMENTO,149000
8116 COTTONMILL CIR,SACRAMENTO,150000
4660 CEDARWOOD WAY,SACRAMENTO,150000
9254 HARROGATE WAY,ELK GROVE,152000
6716 TAREYTON WAY,CITRUS HEIGHTS,156000
2028 ROBERT WAY,SACRAMENTO,156000
9346 AIZENBERG CIR,ELK GROVE,156000
4524 LOCH HAVEN WAY,SACRAMENTO,157788
7140 BLUE SPRINGS WAY,CITRUS HEIGHTS,161653
4631 11TH AVE,SACRAMENTO,161829
3228 BAGGAN CT,ANTELOPE,165000
8515 DARTFORD DR,SACRAMENTO,168000
4500 TIPPWOOD WAY,SACRAMENTO,169000
2460 EL ROCCO WAY,RANCHO CORDOVA,175000
8244 SUNBIRD WAY,SACRAMENTO,176250
5841 VALLEY VALE WAY,SACRAMENTO,179000
7863 CRESTLEIGH CT,ANTELOPE,180000
7129 SPRINGMONT DR,ELK GROVE,180400
8284 RED FOX WAY,ELK GROVE,182000
2219 EL CANTO CIR,RANCHO CORDOVA,184500
8907 GEMWOOD WAY,ELK GROVE,185000
5925 MALEVILLE AVE,CARMICHAEL,189000
7031 CANEVALLEY CIR,CITRUS HEIGHTS,194000
3949 WILDROSE WAY,SACRAMENTO,195000
4437 MITCHUM CT,ANTELOPE,200000
2778 KAWEAH CT,CAMERON PARK,201000
1636 ALLENWOOD CIR,LINCOLN,202500
8151 QUAIL RIDGE CT,SACRAMENTO,205000
4899 WIND CREEK DR,SACRAMENTO,205000
2370 BIG CANYON CREEK RD,PLACERVILLE,205000
6049 HAMBURG WAY,SACRAMENTO,205000
4232 71ST ST,SACRAMENTO,207000
3361 BOW MAR CT,CAMERON PARK,210000
1889 COLD SPRINGS RD,PLACERVILLE,211500
5805 HIMALAYA WAY,CITRUS HEIGHTS,215000
7944 SYLVAN OAK WAY,CITRUS HEIGHTS,215000
3139 SPOONWOOD WAY Unit 1,SACRAMENTO,215500
6217 LEOLA WAY,SACRAMENTO,222381
2340 HURLEY WAY,SACRAMENTO,225000
3035 BRUNNET LN,SACRAMENTO,225000
3025 EL PRADO WAY,SACRAMENTO,225000
9387 GRANITE FALLS CT,ELK GROVE,225000
9257 CALDERA WAY,SACRAMENTO,228000
441 ARLINGDALE CIR,RIO LINDA,229665
2284 LOS ROBLES RD,MEADOW VISTA,230000
8164 CHENIN BLANC LN,FAIR OAKS,230000
4620 CHAMBERLIN CIR,ELK GROVE,230000
5340 BIRK WAY,SACRAMENTO,234000
51 ANJOU CIR,SACRAMENTO,235000
2125 22ND AVE,SACRAMENTO,236250
611 BLOSSOM ROCK LN,FOLSOM,240000
8830 ADUR RD,ELK GROVE,242000
7344 BUTTERBALL WAY,SACRAMENTO,245000
8219 GWINHURST CIR,SACRAMENTO,245000
3240 S ST,SACRAMENTO,245000
221 PICASSO CIR,SACRAMENTO,250000
5706 GREENACRES WAY,ORANGEVALE,250000
6900 LONICERA DR,ORANGEVALE,250000
419 DAWNRIDGE RD,ROSEVILLE,250000
5312 MARBURY WAY,ANTELOPE,255000
6344 BONHAM CIR,CITRUS HEIGHTS,256054
8207 YORKTON WAY,SACRAMENTO,257729
7922 MANSELL WAY,ELK GROVE,260000
5712 MELBURY CIR,ANTELOPE,261000
632 NEWBRIDGE LN,LINCOLN,261800
1570 GLIDDEN AVE,SACRAMENTO,264469
8108 FILIFERA WAY,ANTELOPE,265000
230 BANKSIDE WAY,SACRAMENTO,270000
5342 CALABRIA WAY,SACRAMENTO,270000
47 NAPONEE CT,SACRAMENTO,270000
4236 ADRIATIC SEA WAY,SACRAMENTO,270000
8864 REMBRANT CT,ELK GROVE,275000
9455 SEA CLIFF WAY,ELK GROVE,275000
9720 LITTLE HARBOR WAY,ELK GROVE,280000
8806 PHOENIX AVE,FAIR OAKS,286013
3578 LOGGERHEAD WAY,SACRAMENTO,292000
1416 LOCKHART WAY,ROSEVILLE,292000
5413 BUENA VENTURA WAY,FAIR OAKS,293993
37 WHITE BIRCH CT,ROSEVILLE,294000
405 MARLIN SPIKE WAY,SACRAMENTO,296769
1102 CHESLEY LN,LINCOLN,297500
11281 STANFORD COURT LN Unit 604,GOLD RIVER,300000
7320 6TH ST,RIO LINDA,300000
993 MANTON CT,GALT,300000
4487 PANORAMA DR,PLACERVILLE,300000
5651 OVERLEAF WAY,SACRAMENTO,300500
2015 PROMONTORY POINT LN,GOLD RIVER,305000
3224 PARKHAM DR,ROSEVILLE,306500
15 VANESSA PL,SACRAMENTO,312500
1312 RENISON LN,LINCOLN,315000
8 RIVER RAFT CT,SACRAMENTO,319789
2251 LAMPLIGHT LN,LINCOLN,330000
106 FARHAM DR,FOLSOM,330000
5405 NECTAR CIR,ELK GROVE,331000
5411 10TH AVE,SACRAMENTO,334000
3512 RAINSONG CIR,RANCHO CORDOVA,336000
1106 55TH ST,SACRAMENTO,339000
411 ILLSLEY WAY,FOLSOM,339000
796 BUTTERCUP CIR,GALT,345000
1230 SANDRA CIR,PLACERVILLE,350000
318 ANACAPA DR,ROSEVILLE,356000
3975 SHINING STAR DR,SACRAMENTO,361745
1620 BASLER ST,SACRAMENTO,361948
9688 NATURE TRAIL WAY,ELK GROVE,370000
5924 TANUS CIR,ROCKLIN,380000
9629 CEDAR OAK WAY,ELK GROVE,385000
3429 FERNBROOK CT,CAMERON PARK,399000
2121 HANNAH WAY,ROCKLIN,402000
10104 ANNIE ST,ELK GROVE,406026
1092 MAUGHAM CT,GALT,420000
5404 ALMOND FALLS WAY,RANCHO CORDOVA,425000
6306 CONEJO,RANCHO MURIETA,425000
14 CASA VATONI PL,SACRAMENTO,433500
1456 EAGLESFIELD LN,LINCOLN,436746
4100 BOTHWELL CIR,EL DORADO HILLS,438700
427 21ST ST,SACRAMENTO,445000
1044 GALSTON DR,FOLSOM,450000
4440 SYCAMORE AVE,SACRAMENTO,460000
1032 SOUZA DR,EL DORADO HILLS,460000
9760 LAZULITE CT,ELK GROVE,460000
241 LANFRANCO CIR,SACRAMENTO,465000
5559 NORTHBOROUGH DR,SACRAMENTO,471750
2125 BIG SKY DR,ROCKLIN,480000
2109 HAMLET PL,CARMICHAEL,484000
9970 STATE HIGHWAY 193,PLACERVILLE,485000
2901 PINTAIL WAY,ELK GROVE,495000
201 FIRESTONE DR,ROSEVILLE,500500
1740 HIGH ST,AUBURN,504000
2733 DANA LOOP,EL DORADO HILLS,541000
9741 SADDLEBRED CT,WILTON,560000
7756 TIGERWOODS DR,SACRAMENTO,572500
5709 RIVER OAK WAY,CARMICHAEL,582000
2981 WRINGER DR,ROSEVILLE,613401
8616 ROCKPORTE CT,ROSEVILLE,614000
4128 HILL ST,FAIR OAKS,680000
1409 47TH ST,SACRAMENTO,699000
3935 EL MONTE DR,LOOMIS,839000
5840 WALERGA RD,SACRAMENTO,40000
923 FULTON AVE,SACRAMENTO,48000
261 REDONDO AVE,SACRAMENTO,61500
4030 BROADWAY,SACRAMENTO,62050
3660 22ND AVE,SACRAMENTO,65000
3924 HIGH ST,SACRAMENTO,65000
4734 14TH AVE,SACRAMENTO,68000
4734 14TH AVE,SACRAMENTO,68000
5050 RHODE ISLAND DR Unit 4,SACRAMENTO,77000
4513 GREENHOLME DR,SACRAMENTO,82732
3845 ELM ST,SACRAMENTO,84000
3908 17TH AVE,SACRAMENTO,84675
7109 CHANDLER DR,SACRAMENTO,85000
7541 SKELTON WAY,SACRAMENTO,90000
9058 MONTOYA ST,SACRAMENTO,90000
1016 CONGRESS AVE,SACRAMENTO,91000
540 MORRISON AVE,SACRAMENTO,95000
5303 JERRETT WAY,SACRAMENTO,97500
2820 DEL PASO BLVD,SACRAMENTO,100000
3715 TALLYHO DR Unit 78HIGH,SACRAMENTO,100000
6013 ROWAN WAY,CITRUS HEIGHTS,101000
2987 PONDEROSA LN,SACRAMENTO,102750
3732 LANKERSHIM WAY,NORTH HIGHLANDS,112500
2216 DUNLAP DR,SACRAMENTO,113000
3503 21ST AVE,SACRAMENTO,114000
523 EXCHANGE ST,SACRAMENTO,114000
8101 PORT ROYALE WAY,SACRAMENTO,114750
8020 WALERGA RD,ANTELOPE,115000
167 VALLEY OAK DR,ROSEVILLE,115000
7876 BURLINGTON WAY,SACRAMENTO,116100
3726 JONKO AVE,NORTH HIGHLANDS,119250
7342 GIGI PL,SACRAMENTO,120000
2610 PHYLLIS AVE,SACRAMENTO,120000
4200 COMMERCE WAY Unit 711,SACRAMENTO,120000
4621 COUNTRY SCENE WAY,SACRAMENTO,120108
5380 VILLAGE WOOD DR,SACRAMENTO,121500
2621 EVERGREEN ST,SACRAMENTO,121725
201 CARLO CT,GALT,122000
6743 21ST ST,SACRAMENTO,123000
3128 VIA GRANDE,SACRAMENTO,125000
2847 BELGRADE WAY,SACRAMENTO,125573
7741 MILLDALE CIR,ELVERTA,126714
9013 CASALS ST,SACRAMENTO,126960
227 MAHAN CT Unit 1,ROSEVILLE,127000
7349 FLETCHER FARM DR,SACRAMENTO,127500
7226 LARCHMONT DR,NORTH HIGHLANDS,130000
4114 35TH AVE,SACRAMENTO,133105
617 M ST,RIO LINDA,136500
7032 FAIR OAKS BLVD,CARMICHAEL,139500
2421 SANTINA WAY,ELVERTA,140000
2368 CRAIG AVE,SACRAMENTO,140800
2123 AMANDA WAY,SACRAMENTO,145000
7620 DARLA WAY,SACRAMENTO,147000
8344 FIELDPOPPY CIR,SACRAMENTO,149600
3624 20TH AVE,SACRAMENTO,150000
10001 WOODCREEK OAKS BLVD Unit 1415,ROSEVILLE,150000
2848 PROVO WAY,SACRAMENTO,150000
6045 EHRHARDT AVE,SACRAMENTO,155000
1223 LAMBERTON CIR,SACRAMENTO,155435
1223 LAMBERTON CIR,SACRAMENTO,155500
6000 BIRCHGLADE WAY,CITRUS HEIGHTS,158000
7204 THOMAS DR,NORTH HIGHLANDS,158000
8363 LANGTREE WAY,SACRAMENTO,160000
1675 VERNON ST Unit 8,ROSEVILLE,160000
6632 IBEX WOODS CT,CITRUS HEIGHTS,164000
117 EVCAR WAY,RIO LINDA,164000
6485 LAGUNA MIRAGE LN,ELK GROVE,165000
746 MOOSE CREEK WAY,GALT,167000
8306 CURLEW CT,CITRUS HEIGHTS,167293
8306 CURLEW CT,CITRUS HEIGHTS,167293
5217 ARGO WAY,SACRAMENTO,168000
7108 HEATHER TREE DR,SACRAMENTO,170000
2956 DAVENPORT WAY,SACRAMENTO,170000
10062 LINCOLN VILLAGE DR,SACRAMENTO,170000
332 PALIN AVE,GALT,174000
4649 FREEWAY CIR,SACRAMENTO,178000
8593 DERLIN WAY,SACRAMENTO,180000
9273 PREMIER WAY,SACRAMENTO,180000
8032 DUSENBERG CT,SACRAMENTO,180000
7110 STELLA LN Unit 15,CARMICHAEL,182000
1786 PIEDMONT WAY,ROSEVILLE,188325
1347 HIDALGO CIR,ROSEVILLE,191500
212 CAPPUCINO WAY,SACRAMENTO,192000
5938 WOODBRIAR WAY,CITRUS HEIGHTS,192700
3801 WILDROSE WAY,SACRAMENTO,195000
508 SAMUEL WAY,SACRAMENTO,197654
6128 CARL SANDBURG CIR,SACRAMENTO,198000
1 KENNELFORD CIR,SACRAMENTO,200345
909 SINGINGWOOD RD,SACRAMENTO,203000
6671 FOXWOOD CT,SACRAMENTO,207000
8165 AYN RAND CT,SACRAMENTO,208000
9474 VILLAGE TREE DR,ELK GROVE,210000
7213 CALVIN DR,CITRUS HEIGHTS,212000
8167 DERBY PARK CT,SACRAMENTO,213675
6344 LAGUNA MIRAGE LN,ELK GROVE,213697
2945 RED HAWK WAY,SACRAMENTO,215000
3228 I ST,SACRAMENTO,215000
308 ATKINSON ST,ROSEVILLE,215100
624 HOVEY WAY,ROSEVILLE,217500
110 COPPER LEAF WAY,SACRAMENTO,218000
7535 ALMA VISTA WAY,SACRAMENTO,220000
7423 WILSALL CT,ELK GROVE,221000
8629 VIA ALTA WAY,ELK GROVE,222900
3318 DAVIDSON DR,ANTELOPE,223139
913 COBDEN CT,GALT,225500
4419 79TH ST,SACRAMENTO,228327
3012 SPOONWOOD WAY,SACRAMENTO,230000
8728 CRYSTAL RIVER WAY,SACRAMENTO,230000
4709 AMBER LN Unit 1,SACRAMENTO,230522
4508 OLD DAIRY DR,ANTELOPE,231200
312 RIVER ISLE WAY,SACRAMENTO,232000
301 OLIVADI WAY,SACRAMENTO,232500
5636 25TH ST,SACRAMENTO,233641
8721 SPRUCE RIDGE WAY,ANTELOPE,234000
7461 WINDBRIDGE DR,SACRAMENTO,234500
8101 LEMON COVE CT,SACRAMENTO,235000
10949 SCOTSMAN WAY,RANCHO CORDOVA,236000
617 WILLOW CREEK DR,FOLSOM,236073
3301 PARK DR Unit 1914,SACRAMENTO,238000
709 CIMMARON CT,GALT,238861
3305 RIO ROCA CT,ANTELOPE,239700
9080 BEDROCK CT,SACRAMENTO,240000
100 TOURMALINE CIR,SACRAMENTO,240000
6411 RED BIRCH WAY,ELK GROVE,241000
4867 LAGUNA DR,SACRAMENTO,245000
3662 RIVER DR,SACRAMENTO,246000
6943 WOLFGRAM WAY,SACRAMENTO,247234
77 RINETTI WAY,RIO LINDA,247480
1316 I ST,RIO LINDA,249862
2130 CATHERWOOD WAY,SACRAMENTO,251000
8304 JUGLANS DR,ORANGEVALE,252155
5308 MARBURY WAY,ANTELOPE,254172
9182 LAKEMONT DR,ELK GROVE,258000
2231 COUNTRY VILLA CT,AUBURN,260000
8491 CRYSTAL WALK CIR,ELK GROVE,261000
361 MAHONIA CIR,SACRAMENTO,261000
3427 LA CADENA WAY,SACRAMENTO,261000
955 BIG SUR CT,EL DORADO HILLS,262500
11826 DIONYSUS WAY,RANCHO CORDOVA,266000
5847 DEL CAMPO LN,CARMICHAEL,266000
5635 FOXVIEW WAY,ELK GROVE,270000
10372 VIA CINTA CT,ELK GROVE,274425
6286 LONETREE BLVD,ROCKLIN,274500
7744 SOUTHBREEZE DR,SACRAMENTO,275336
2242 ABLE WAY,SACRAMENTO,277980
1042 STARBROOK DR,GALT,280000
1219 G ST,SACRAMENTO,284686
6220 OPUS CT,CITRUS HEIGHTS,284893
5419 HAVENHURST CIR,ROCKLIN,285000
220 OLD AIRPORT RD,AUBURN,285000
4622 MEYER WAY,CARMICHAEL,285000
4885 SUMMIT VIEW DR,EL DORADO,289000
26 JEANROSS CT,SACRAMENTO,295000
4800 MAPLEPLAIN AVE,ELK GROVE,296000
10629 BASIE WAY,RANCHO CORDOVA,296056
8612 WILLOW GROVE WAY,SACRAMENTO,297359
62 DE FER CIR,SACRAMENTO,299940
2513 OLD KENMARE RD,LINCOLN,304000
3253 ABOTO WAY,RANCHO CORDOVA,305000
3072 VILLAGE PLAZA DR,ROSEVILLE,307000
251 CHANGO CIR,SACRAMENTO,311328
8205 WEYBURN CT,SACRAMENTO,313138
8788 LA MARGARITA WAY,SACRAMENTO,316630
5912 DEEPDALE WAY,ELK GROVE,320000
4712 PISMO BEACH DR,ANTELOPE,320000
4741 PACIFIC PARK DR,ANTELOPE,325000
310 GROTH CIR,SACRAMENTO,328578
6121 WILD FOX CT,ELK GROVE,331000
12241 CANYONLANDS DR,RANCHO CORDOVA,331500
29 COOL FOUNTAIN CT,SACRAMENTO,340000
907 RIO ROBLES AVE,SACRAMENTO,344755
8909 BILLFISH WAY,SACRAMENTO,345746
6232 GUS WAY,ELK GROVE,351000
200 OAKWILDE ST,GALT,353767
1033 PARK STREAM DR,GALT,355000
200 ALLAIRE CIR,SACRAMENTO,356035
1322 SUTTER WALK,SACRAMENTO,360000
5479 NICKMAN WAY,SACRAMENTO,360552
2103 BURBERRY WAY,SACRAMENTO,362305
2450 SAN JOSE WAY,SACRAMENTO,365000
7641 ROSEHALL DR,ROSEVILLE,367554
1336 LAYSAN TEAL DR,ROSEVILLE,368500
2802 BLACK OAK DR,ROCKLIN,370000
2113 FALL TRAIL CT,PLACERVILLE,371086
10112 LAMBEAU CT,ELK GROVE,378000
6313 CASTRO VERDE WAY,ELK GROVE,383000
3622 CURTIS DR,SACRAMENTO,388000
11817 OPAL RIDGE WAY,RANCHO CORDOVA,395100
170 LAGOMARSINO WAY,SACRAMENTO,400000
2743 DEAKIN PL,EL DORADO HILLS,400000
3361 ALDER CANYON WAY,ANTELOPE,408431
2148 RANCH VIEW DR,ROCKLIN,413000
398 LINDLEY DR,SACRAMENTO,416767
3013 BRIDLEWOOD DR,EL DORADO HILLS,420000
169 BAURER CIR,FOLSOM,423000
2809 LOON CT,CAMERON PARK,423000
1315 KONDOS AVE,SACRAMENTO,427500
4966 CHARTER RD,ROCKLIN,430922
9516 LAGUNA LAKE WAY,ELK GROVE,445000
5201 BLOSSOM RANCH DR,ELK GROVE,450000
3027 PALMATE WAY,SACRAMENTO,452000
500 WINCHESTER CT,ROSEVILLE,470000
5746 GELSTON WAY,EL DORADO HILLS,471000
6935 ELM TREE LN,ORANGEVALE,475000
9605 GOLF COURSE LN,ELK GROVE,484500
719 BAYWOOD CT,EL DORADO HILLS,487500
5954 TANUS CIR,ROCKLIN,488750
100 CHELSEA CT,FOLSOM,500000
1500 ORANGE HILL LN,PENRYN,506688
408 KIRKWOOD CT,LINCOLN,512000
1732 TUSCAN GROVE CIR,ROSEVILLE,520000
2049 EMPIRE MINE CIR,GOLD RIVER,528000
9360 MAGOS RD,WILTON,579093
104 CATLIN CT,FOLSOM,636000
4734 GIBBONS DR,CARMICHAEL,668365
4629 DORCHESTER LN,GRANITE BAY,676200
2400 COUNTRYSIDE DR,PLACERVILLE,677048
12901 FURLONG DR,WILTON,691659
6222 CALLE MONTALVO CIR,GRANITE BAY,760000
20 CRYSTALWOOD CIR,LINCOLN,4897
24 CRYSTALWOOD CIR,LINCOLN,4897
28 CRYSTALWOOD CIR,LINCOLN,4897
32 CRYSTALWOOD CIR,LINCOLN,4897
36 CRYSTALWOOD CIR,LINCOLN,4897
40 CRYSTALWOOD CIR,LINCOLN,4897
44 CRYSTALWOOD CIR,LINCOLN,4897
48 CRYSTALWOOD CIR,LINCOLN,4897
52 CRYSTALWOOD CIR,LINCOLN,4897
68 CRYSTALWOOD CIR,LINCOLN,4897
72 CRYSTALWOOD CIR,LINCOLN,4897
76 CRYSTALWOOD CIR,LINCOLN,4897
80 CRYSTALWOOD CIR,LINCOLN,4897
84 CRYSTALWOOD CIR,LINCOLN,4897
88 CRYSTALWOOD CIR,LINCOLN,4897
92 CRYSTALWOOD CIR,LINCOLN,4897
96 CRYSTALWOOD CIR,LINCOLN,4897
100 CRYSTALWOOD CIR,LINCOLN,4897
434 1ST ST,LINCOLN,4897
3 E ST,LINCOLN,4897
11 E ST,LINCOLN,4897
19 E ST,LINCOLN,4897
27 E ST,LINCOLN,4897
35 E ST,LINCOLN,4897
43 E ST,LINCOLN,4897
51 E ST,LINCOLN,4897
59 E ST,LINCOLN,4897
75 E ST,LINCOLN,4897
63 CRYSTALWOOD CIR,LINCOLN,4897
398 1ST ST,LINCOLN,4897
386 1ST ST,LINCOLN,4897
374 1ST ST,LINCOLN,4897
116 CRYSTALWOOD WAY,LINCOLN,4897
108 CRYSTALWOOD WAY,LINCOLN,4897
100 CRYSTALWOOD WAY,LINCOLN,4897
55 CRYSTALWOOD CIR,LINCOLN,4897
51 CRYSTALWOOD CIR,LINCOLN,4897
47 CRYSTALWOOD CIR,LINCOLN,4897
43 CRYSTALWOOD CIR,LINCOLN,4897
39 CRYSTALWOOD CIR,LINCOLN,4897
35 CRYSTALWOOD CIR,LINCOLN,4897
31 CRYSTALWOOD CIR,LINCOLN,4897
27 CRYSTALWOOD CIR,LINCOLN,4897
23 CRYSTALWOOD CIR,LINCOLN,4897
19 CRYSTALWOOD CIR,LINCOLN,4897
15 CRYSTALWOOD CIR,LINCOLN,4897
7 CRYSTALWOOD CIR,LINCOLN,4897
7 CRYSTALWOOD CIR,LINCOLN,4897
3 CRYSTALWOOD CIR,LINCOLN,4897
8208 WOODYARD WAY,CITRUS HEIGHTS,30000
113 RINETTI WAY,RIO LINDA,30000
15 LOORZ CT,SACRAMENTO,55422
5805 DOTMAR WAY,NORTH HIGHLANDS,63000
2332 CAMBRIDGE ST,SACRAMENTO,65000
3812 BELDEN ST,SACRAMENTO,65000
3348 40TH ST,SACRAMENTO,65000
127 QUASAR CIR,SACRAMENTO,66500
3812 CYPRESS ST,SACRAMENTO,71000
5821 64TH ST,SACRAMENTO,75000
8248 CENTER PKWY,SACRAMENTO,77000
1171 SONOMA AVE,SACRAMENTO,85000
4250 ARDWELL WAY,SACRAMENTO,95625
3104 CLAY ST,SACRAMENTO,96140
6063 LAND PARK DR,SACRAMENTO,104250
4738 OAKHOLLOW DR,SACRAMENTO,105000
1401 STERLING ST,SACRAMENTO,108000
3715 DIDCOT CIR,SACRAMENTO,109000
2426 RASHAWN DR,RANCHO CORDOVA,115000
4800 WESTLAKE PKWY Unit 410,SACRAMENTO,115000
3409 VIRGO ST,SACRAMENTO,115500
1110 PINEDALE AVE,SACRAMENTO,115620
2361 LA LOMA DR,RANCHO CORDOVA,116000
1455 64TH AVE,SACRAMENTO,122000
7328 SPRINGMAN ST,SACRAMENTO,122500
119 SAINT MARIE CIR,SACRAMENTO,123000
12 COSTA BRASE CT,SACRAMENTO,124000
6813 SCOTER WAY,SACRAMENTO,124000
6548 GRAYLOCK LN,NORTH HIGHLANDS,124413
1630 GLIDDEN AVE,SACRAMENTO,125000
7825 DALEWOODS WAY,SACRAMENTO,130000
4073 TRESLER AVE,NORTH HIGHLANDS,131750
4288 DYMIC WAY,SACRAMENTO,137721
1158 SAN IGNACIO WAY,SACRAMENTO,137760
4904 J PKWY,SACRAMENTO,138000
2931 HOWE AVE,SACRAMENTO,140000
5531 JANSEN DR,SACRAMENTO,145000
7836 ORCHARD WOODS CIR,SACRAMENTO,145000
4055 DEERBROOK DR,SACRAMENTO,150000
9937 BURLINE ST,SACRAMENTO,150000
6948 MIRADOR WAY,SACRAMENTO,151000
4909 RUGER CT,SACRAMENTO,155000
7204 KERSTEN ST,CITRUS HEIGHTS,155800
3150 ROSEMONT DR,SACRAMENTO,156142
8200 STEINBECK WAY,SACRAMENTO,158000
8198 STEVENSON AVE,SACRAMENTO,159900
6824 OLIVE TREE WAY,CITRUS HEIGHTS,160000
3536 SUN MAIDEN WAY,ANTELOPE,161500
4517 OLYMPIAD WAY,SACRAMENTO,161600
925 COBDEN CT,GALT,162000
8225 SCOTTSDALE DR,SACRAMENTO,165000
8758 LEMAS RD,SACRAMENTO,165000
6121 ALPINESPRING WAY,ELK GROVE,167293
5937 YORK GLEN WAY,SACRAMENTO,168000
6417 SUNNYFIELD WAY,SACRAMENTO,168000
4008 GREY LIVERY WAY,ANTELOPE,168750
8920 ROSETTA CIR,SACRAMENTO,168750
8300 LICHEN DR,CITRUS HEIGHTS,170000
8884 AMBERJACK WAY,SACRAMENTO,170250
4480 VALLEY HI DR,SACRAMENTO,173000
2250 FOREBAY RD,POLLOCK PINES,175000
3529 FABERGE WAY,SACRAMENTO,176095
1792 DAWNELLE WAY,SACRAMENTO,176250
7800 TABARE CT,CITRUS HEIGHTS,178000
8531 HERMITAGE WAY,SACRAMENTO,179000
2421 BERRYWOOD DR,RANCHO CORDOVA,180000
1005 MORENO WAY,SACRAMENTO,180000
1675 VERNON ST Unit 24,ROSEVILLE,180000
24 WINDCHIME CT,SACRAMENTO,181000
540 HARLING CT,RIO LINDA,182000
1207 CRESCENDO DR,ROSEVILLE,182587
7577 EDDYLEE WAY,SACRAMENTO,185074
8369 FOPPIANO WAY,SACRAMENTO,185833
8817 SAWTELLE WAY,SACRAMENTO,186785
1910 BONAVISTA WAY,SACRAMENTO,187000
8 TIDE CT,SACRAMENTO,188335
8952 ROCKY CREEK CT,ELK GROVE,190000
435 EXCHANGE ST,SACRAMENTO,190000
10105 MONTE VALLO CT,SACRAMENTO,190000
3930 ANNABELLE AVE,ROSEVILLE,190000
4854 TANGERINE AVE,SACRAMENTO,191250
2909 SHAWN WAY,RANCHO CORDOVA,193000
4290 BLACKFORD WAY,SACRAMENTO,193500
5890 TT TRAK,FORESTHILL,194818
7015 WOODSIDE DR,SACRAMENTO,195000
6019 CHESHIRE WAY,CITRUS HEIGHTS,195000
3330 VILLAGE CT,CAMERON PARK,195000
2561 VERNA WAY,SACRAMENTO,195000
3522 22ND AVE,SACRAMENTO,198000
2880 CANDIDO DR,SACRAMENTO,199900
6908 PIN OAK CT,FAIR OAKS,200000
5733 ANGELINA AVE,CARMICHAEL,201000
7849 BONNY DOWNS WAY,ELK GROVE,204918
8716 LONGSPUR WAY,ANTELOPE,205000
6320 EL DORADO ST,EL DORADO,205000
2328 DOROTHY JUNE WAY,SACRAMENTO,205878
1986 DANVERS WAY,SACRAMENTO,207000
7901 GAZELLE TRAIL WAY,ANTELOPE,207744
6080 BRIDGECROSS DR,SACRAMENTO,209000
20 GROTH CIR,SACRAMENTO,210000
1900 DANBROOK DR,SACRAMENTO,210944
140 VENTO CT,ROSEVILLE,212500
8442 KEUSMAN ST,ELK GROVE,213750
9552 SUNLIGHT LN,ELK GROVE,215000
2733 YUMA CT,CAMERON PARK,215000
1407 TIFFANY CIR,ROSEVILLE,215000
636 CRESTVIEW DR,DIAMOND SPRINGS,216033
1528 HESKET WAY,SACRAMENTO,220000
2327 32ND ST,SACRAMENTO,220000
1833 2ND AVE,SACRAMENTO,220000
7252 CARRIAGE DR,CITRUS HEIGHTS,220000
9815 PASO FINO WAY,ELK GROVE,220000
5532 ENGLE RD,CARMICHAEL,220702
1139 CLINTON RD,SACRAMENTO,221250
9176 SAGE GLEN WAY,ELK GROVE,222000
9967 HATHERTON WAY,ELK GROVE,222500
9264 BOULDER RIVER WAY,ELK GROVE,222750
320 GROTH CIR,SACRAMENTO,225000
137 GUNNISON AVE,SACRAMENTO,225000
8209 RIVALLO WAY,SACRAMENTO,228750
8637 PERIWINKLE CIR,ELK GROVE,229000
3425 MEADOW WAY,ROCKLIN,230095
107 JARVIS CIR,SACRAMENTO,232500
2319 THORES ST,RANCHO CORDOVA,233000
8935 MOUNTAIN HOME CT,ELK GROVE,233500
2566 SERENATA WAY,SACRAMENTO,239000
4085 COUNTRY DR,ANTELOPE,240000
9297 TROUT WAY,ELK GROVE,240000
7 ARCHIBALD CT,SACRAMENTO,240971
11130 EEL RIVER CT,RANCHO CORDOVA,242000
8323 REDBANK WAY,SACRAMENTO,243450
16 BRONCO CREEK CT,SACRAMENTO,243500
8316 NORTHAM DR,ANTELOPE,246544
4240 WINJE DR,ANTELOPE,246750
3569 SODA WAY,SACRAMENTO,247000
5118 ROBANDER ST,CARMICHAEL,247000
5976 KYLENCH CT,CITRUS HEIGHTS,249000
9247 DELAIR WAY,ELK GROVE,249000
9054 DESCENDANT DR,ELK GROVE,250000
3450 WHITNOR CT,SACRAMENTO,250000
6288 LONETREE BLVD,ROCKLIN,250000
9355 MATADOR WAY,SACRAMENTO,252000
8671 SUMMER SUN WAY,ELK GROVE,255000
1890 GENEVA PL,SACRAMENTO,255000
1813 AVENIDA MARTINA,ROSEVILLE,255000
191 BARNHART CIR,SACRAMENTO,257200
6221 GREEN TOP WAY,ORANGEVALE,260000
2298 PRIMROSE LN,LINCOLN,260000
5635 LOS PUEBLOS WAY,SACRAMENTO,263500
10165 LOFTON WAY,ELK GROVE,266510
1251 GREEN RAVINE DR,LINCOLN,267750
6001 SHOO FLY RD,PLACERVILLE,270000
3040 PARKHAM DR,ROSEVILLE,271000
2674 TAM O SHANTER DR,EL DORADO HILLS,272700
6007 MARYBELLE LN,SHINGLE SPRINGS,275000
9949 NESTLING CIR,ELK GROVE,275000
2915 HOLDREGE WAY,SACRAMENTO,276000
2678 BRIARTON DR,LINCOLN,276500
294 SPARROW DR,GALT,278000
2987 DIORITE WAY,SACRAMENTO,279000
6326 APPIAN WAY,CARMICHAEL,280000
6905 COBALT WAY,CITRUS HEIGHTS,280000
8986 HAFLINGER WAY,ELK GROVE,285000
2916 BABSON DR,ELK GROVE,288000
10133 NEBBIOLO CT,ELK GROVE,289000
1103 COMMONS DR,SACRAMENTO,290000
4636 TEAL BAY CT,ANTELOPE,290000
1524 YOUNGS AVE,SACRAMENTO,293996
865 CONRAD CT,PLACERVILLE,294000
8463 TERRACOTTA CT,ELK GROVE,294173
5747 KING RD,LOOMIS,295000
8253 KEEGAN WAY,ELK GROVE,298000
9204 TROUT WAY,ELK GROVE,298000
1828 2ND AVE,SACRAMENTO,299000
1113 COMMONS DR,SACRAMENTO,300000
2341 BIG STRIKE TRL,COOL,300000
9452 RED SPRUCE WAY,ELK GROVE,300000
5776 TERRACE DR,ROCKLIN,300567
5908 MCLEAN DR,ELK GROVE,303000
8215 PEREGRINE WAY,CITRUS HEIGHTS,305000
1104 HILLSDALE LN,LINCOLN,306000
2949 PANAMA AVE,CARMICHAEL,310000
1356 HARTLEY WAY,FOLSOM,310000
633 HANISCH DR,ROSEVILLE,310000
63 ANGEL ISLAND CIR,SACRAMENTO,311518
1571 WILD OAK LN,LINCOLN,312000
5222 COPPER SUNSET WAY,RANCHO CORDOVA,313000
5601 SPINDRIFT LN,ORANGEVALE,315000
652 FIFTEEN MILE DR,ROSEVILLE,315000
7921 DOE TRAIL WAY,ANTELOPE,315000
4204 LUSK DR,SACRAMENTO,315000
5321 DELTA DR,ROCKLIN,315000
5608 ROSEDALE WAY,SACRAMENTO,320000
3372 BERETANIA WAY,SACRAMENTO,322000
2422 STEFANIE DR,ROCKLIN,325000
3232 PARKHAM DR,ROSEVILLE,325500
448 ELMWOOD CT,ROSEVILLE,326951
1214 DAWNWOOD DR,GALT,328370
1440 EMERALD LN,LINCOLN,330000
3349 CORVINA DR,RANCHO CORDOVA,330000
10254 JULIANA WAY,SACRAMENTO,331200
149 OPUS CIR,SACRAMENTO,332000
580 REGENCY PARK CIR,SACRAMENTO,334000
5544 CAMAS CT,ORANGEVALE,335000
5102 ARCHCREST WAY,SACRAMENTO,341000
5725 BALFOR RD,ROCKLIN,346375
7697 ROSEHALL DR,ROSEVILLE,347225
4821 HUTSON WAY,ELK GROVE,349000
4509 WINJE DR,ANTELOPE,350000
1965 LAURELHURST LN,LINCOLN,350000
6709 ROSE BRIDGE DR,ROSEVILLE,350000
281 SPYGLASS HL,ROSEVILLE,350000
7709 RIVER VILLAGE DR,SACRAMENTO,351000
4165 BRISBANE CIR,EL DORADO HILLS,356200
506 BEDFORD CT,ROSEVILLE,360000
9048 PINTO CANYON WAY,ROSEVILLE,367463
2274 IVY BRIDGE DR,ROSEVILLE,375000
14004 WALNUT AVE,WALNUT GROVE,380000
6905 FRANKFORT CT,ELK GROVE,380578
3621 WINTUN DR,CARMICHAEL,386222
201 KIRKLAND CT,LINCOLN,389000
12075 APPLESBURY CT,RANCHO CORDOVA,390000
1975 SIDESADDLE WAY,ROSEVILLE,395500
5420 ALMOND FALLS WAY,RANCHO CORDOVA,396000
9677 PILLITERI CT,ELK GROVE,397000
1515 EL CAMINO VERDE DR,LINCOLN,400000
556 PLATT CIR,EL DORADO HILLS,400000
1792 DIAMOND WOODS CIR,ROSEVILLE,412500
1124 PERKINS WAY,SACRAMENTO,413500
4748 SALEM WAY,CARMICHAEL,415000
1484 RADCLIFFE WAY,AUBURN,420454
51 AIKEN WAY,SACRAMENTO,425000
2818 KNOLLWOOD DR,CAMERON PARK,425000
1536 STONEY CROSS LN,LINCOLN,433500
509 CASTILLIAN CT,ROSEVILLE,438000
700 HUNTER PL,FOLSOM,441000
1240 FAY CIR,SACRAMENTO,445000
1113 SANDWICK WAY,FOLSOM,446000
3108 DELWOOD WAY,SACRAMENTO,450000
3212 CORNICHE LN,ROSEVILLE,455000
2159 BECKETT DR,EL DORADO HILLS,460000
4320 FOUR SEASONS RD,PLACERVILLE,475000
6401 MARSHALL RD,GARDEN VALLEY,490000
2089 BECKETT DR,EL DORADO HILLS,493000
6196 EDGEHILL DR,EL DORADO HILLS,508000
200 HILLSFORD CT,ROSEVILLE,511000
8217 PLUMERIA AVE,FAIR OAKS,525000
4841 VILLAGE GREEN DR,EL DORADO HILLS,533000
3863 LAS PASAS WAY,SACRAMENTO,545000
820 DANA CT,AUBURN,560000
1165 37TH ST,SACRAMENTO,575000
203 CASCADE FALLS DR,FOLSOM,575000
9880 IZILDA CT,SACRAMENTO,598695
1800 AVONDALE DR,ROSEVILLE,600000
4620 BROMWICH CT,ROCKLIN,600000
620 KESWICK CT,GRANITE BAY,600000
4478 GREENBRAE RD,ROCKLIN,600000
8432 BRIGGS DR,ROSEVILLE,610000
200 CRADLE MOUNTAIN CT,EL DORADO HILLS,622500
2065 IMPRESSIONIST WAY,EL DORADO HILLS,680000
2982 ABERDEEN LN,EL DORADO HILLS,879000
9401 BARREL RACER CT,WILTON,884790
3720 VISTA DE MADERA,LINCOLN,1551
14151 INDIO DR,SLOUGHHOUSE,2000
7401 TOULON LN,SACRAMENTO,56950
9127 NEWHALL DR Unit 34,SACRAMENTO,60000
5937 BAMFORD DR,SACRAMENTO,61000
5672 HILLSDALE BLVD,SACRAMENTO,62000
3920 39TH ST,SACRAMENTO,68566
701 JESSIE AVE,SACRAMENTO,70000
83 ARCADE BLVD,SACRAMENTO,80000
601 REGGINALD WAY,SACRAMENTO,85500
550 DEL VERDE CIR,SACRAMENTO,92000
4113 DAYSTAR CT,SACRAMENTO,93600
7374 TISDALE WAY,SACRAMENTO,95000
3348 RIO LINDA BLVD,SACRAMENTO,97750
3935 LIMESTONE WAY,SACRAMENTO,104000
6208 GRATTAN WAY,NORTH HIGHLANDS,105000
739 E WOODSIDE LN Unit E,SACRAMENTO,107666
4225 46TH AVE,SACRAMENTO,109000
1434 BELL AVE,SACRAMENTO,110000
5628 GEORGIA DR,NORTH HIGHLANDS,110000
7629 BETH ST,SACRAMENTO,112500
2277 BABETTE WAY,SACRAMENTO,114800
6561 WEATHERFORD WAY,SACRAMENTO,116000
3035 ESTEPA DR Unit 5C,CAMERON PARK,119000
5136 CABOT CIR,SACRAMENTO,121500
7730 ROBINETTE RD,SACRAMENTO,122000
87 LACAM CIR,SACRAMENTO,123675
1691 NOGALES ST,SACRAMENTO,126854
3118 42ND ST,SACRAMENTO,127059
7517 50TH AVE,SACRAMENTO,128687
4071 EVALITA WAY,SACRAMENTO,129500
7928 36TH AVE,SACRAMENTO,130000
6631 DEMARET DR,SACRAMENTO,131750
7043 9TH AVE,RIO LINDA,132000
97 KENNELFORD CIR,SACRAMENTO,134000
2636 TRONERO WAY,RANCHO CORDOVA,134000
1530 TOPANGA LN Unit 204,LINCOLN,138000
3604 KODIAK WAY,ANTELOPE,142000
2149 COTTAGE WAY,SACRAMENTO,143012
8632 PRAIRIEWOODS DR,SACRAMENTO,145846
612 STONE BLVD,WEST SACRAMENTO,147000
4180 12TH AVE,SACRAMENTO,148750
8025 ARROYO VISTA DR,SACRAMENTO,150000
5754 WALERGA RD Unit 4,SACRAMENTO,150454
8 LA ROCAS CT,SACRAMENTO,151087
8636 LONGSPUR WAY,ANTELOPE,157296
1941 EXPEDITION WAY,SACRAMENTO,157500
4351 TURNBRIDGE DR,SACRAMENTO,160000
6513 HOLIDAY WAY,NORTH HIGHLANDS,160000
8321 MISTLETOE WAY,CITRUS HEIGHTS,161250
5920 VALLEY GLEN WAY,SACRAMENTO,164000
2601 SAN FERNANDO WAY,SACRAMENTO,165000
501 POPLAR AVE,WEST SACRAMENTO,165000
8008 SAINT HELENA CT,SACRAMENTO,165750
6517 DONEGAL DR,CITRUS HEIGHTS,166000
1001 RIO NORTE WAY,SACRAMENTO,169000
604 P ST,LINCOLN,170000
10001 WOODCREEK OAKS BLVD Unit 815,ROSEVILLE,170000
7351 GIGI PL,SACRAMENTO,170000
7740 DIXIE LOU ST,SACRAMENTO,170000
7342 DAVE ST,SACRAMENTO,170725
7687 HOWERTON DR,SACRAMENTO,171750
26 KAMSON CT,SACRAMENTO,172000
7045 PEEVEY CT,SACRAMENTO,173056
8916 GABLES MILL PL,ELK GROVE,174000
1140 EDMONTON DR,SACRAMENTO,174250
8879 APPLE PEAR CT,ELK GROVE,176850
9 WIND CT,SACRAMENTO,179500
8570 SHERATON DR,FAIR OAKS,185000
1550 TOPANGA LN Unit 207,LINCOLN,188000
1080 RIO NORTE WAY,SACRAMENTO,188700
5501 VALLETTA WAY,SACRAMENTO,189000
5624 MEMORY LN,FAIR OAKS,189000
6622 WILLOWLEAF DR,CITRUS HEIGHTS,189836
27 MEGAN CT,SACRAMENTO,190000
6601 WOODMORE OAKS DR,ORANGEVALE,191250
1973 DANVERS WAY,SACRAMENTO,191675
8001 ARROYO VISTA DR,SACRAMENTO,195500
7409 VOYAGER WAY,CITRUS HEIGHTS,198000
815 CROSSWIND DR,SACRAMENTO,200000
5509 LAGUNA CREST WAY,ELK GROVE,200000
8424 MERRY HILL WAY,ELK GROVE,200000
1525 PENNSYLVANIA AVE,WEST SACRAMENTO,200100
5954 BRIDGECROSS DR,SACRAMENTO,201528
8789 SEQUOIA WOOD CT,ELK GROVE,204750
6600 SILVERTHORNE CIR,SACRAMENTO,205000
2221 2ND AVE,SACRAMENTO,205000
3230 SMATHERS WAY,CARMICHAEL,205900
5209 LAGUNA CREST WAY,ELK GROVE,207000
416 LEITCH AVE,SACRAMENTO,207973
2100 BEATTY WAY,ROSEVILLE,208250
6920 GILLINGHAM WAY,NORTH HIGHLANDS,208318
82 WILDFLOWER DR,GALT,209347
8652 BANTON CIR,ELK GROVE,211500
8428 MISTY PASS WAY,ANTELOPE,212000
7958 ROSEVIEW WAY,SACRAMENTO,213000
9020 LUKEN CT,ELK GROVE,216000
7809 VALLECITOS WAY,SACRAMENTO,216021
8445 OLD AUBURN RD,CITRUS HEIGHTS,219000
10085 ATKINS DR,ELK GROVE,219794
9185 CERROLINDA CIR,ELK GROVE,220000
9197 CORTINA CIR,ROSEVILLE,220000
5429 HESPER WAY,CARMICHAEL,220000
1178 WARMWOOD CT,GALT,220000
4900 ELUDE CT,SACRAMENTO,223000
3557 SODA WAY,SACRAMENTO,224000
3528 SAINT GEORGE DR,SACRAMENTO,224000
7381 WASHBURN WAY,NORTH HIGHLANDS,224252
2181 WINTERHAVEN CIR,CAMERON PARK,224500
7540 HICKORY AVE,ORANGEVALE,225000
5024 CHAMBERLIN CIR,ELK GROVE,228000
2400 INVERNESS DR,LINCOLN,229027
5 BISHOPGATE CT,SACRAMENTO,229500
5601 REXLEIGH DR,SACRAMENTO,230000
1909 YARNELL WAY,ELK GROVE,230000
9169 GARLINGTON CT,SACRAMENTO,232425
6932 RUSKUT WAY,SACRAMENTO,234000
7933 DAFFODIL WAY,CITRUS HEIGHTS,235000
8304 RED FOX WAY,ELK GROVE,235301
3882 YELLOWSTONE LN,EL DORADO HILLS,235738
